image #,x,y,a
1,950.5 px,668.5 px,-0.385
3,933 px,1293 px,4.557
3,526 px,1615.5 px,4.557
1,205.5 px,162.5 px,4.557
1,1212.5 px,70.5 px,-0.385
2,766.5 px,1626 px,4.557
1,424.5 px,217 px,4.557
1,180.5 px,921 px,4.557
1,1606.5 px,1683 px,4.557
2,1541 px,153.5 px,-0.385
3,1208 px,435 px,-0.385
3,223 px,844 px,4.557
1,467.5 px,1301.5 px,4.557
1,1534.5 px,1076 px,4.557
1,1386.5 px,821.5 px,-0.385
3,828 px,218 px,-0.385
1,649.5 px,1066.5 px,-0.385
1,1341 px,1323.5 px,-0.385
1,980.5 px,972.5 px,-0.385
3,1147 px,1678.5 px,4.557
1,115.5 px,1274.5 px,4.557
1,168.5 px,541.5 px,4.557
1,7.5 px,220 px,4.557
3,371.5 px,359 px,-0.385
3,1089.5 px,896 px,-0.385
3,607.5 px,916 px,4.557
1,2341.5 px,647 px,4.557
2,1586.5 px,573.5 px,-0.385
1,539.5 px,514 px,-0.385
3,426 px,780.5 px,-0.385
3,1842 px,552.5 px,-0.385
3,1641 px,843 px,-0.385
2,627 px,872 px,-0.385
1,1601.5 px,589.5 px,-0.385
3,1938.5 px,333.5 px,-0.385
2,647 px,383.5 px,-0.385
3,757 px,614.5 px,-0.385
2,1997 px,520.5 px,-0.385
1,975.5 px,593.5 px,-0.385
2,544.5 px,831.5 px,-0.385
3,1360 px,750 px,-0.385
2,1735 px,285 px,-0.385
1,391.5 px,866.5 px,-0.385
1,1753.5 px,904.5 px,-0.385
1,1608.5 px,828.5 px,-0.385
1,1150 px,722.5 px,-0.385
3,2090.5 px,647.5 px,-0.385
1,594 px,830.5 px,-0.385
3,1300 px,578.5 px,-0.385
2,1774.5 px,666 px,-0.385
1,1968.5 px,788.5 px,-0.385
1,1440.5 px,689.5 px,-0.385
1,764.5 px,852.5 px,-0.385
1,1605 px,648.5 px,-0.385
1,976.5 px,870.5 px,-0.385
3,2030.5 px,516.5 px,-0.385
3,604.5 px,675 px,-0.385
3,2141.5 px,717.5 px,-0.385
3,1214.5 px,696 px,-0.385
3,580.5 px,579 px,-0.385
1,973.5 px,733.5 px,-0.385
1,1804.5 px,490 px,-0.385
3,1311 px,477 px,-0.385
2,1369.5 px,664.5 px,-0.385
2,1806 px,707.5 px,-0.385
3,732.5 px,894 px,-0.385
2,1107.5 px,429 px,-0.385
2,1859 px,403.5 px,-0.385
1,522.5 px,866.5 px,-0.385
3,1463 px,791.5 px,-0.385
1,1989 px,800.5 px,-0.385
1,1578.5 px,573.5 px,-0.385
3,672.5 px,722.5 px,-0.385
2,1147 px,810.5 px,-0.385
1,813.5 px,832.5 px,-0.385
3,1738.5 px,159 px,-0.385
2,591 px,637 px,-0.385
2,1157 px,595.5 px,-0.385
2,2129 px,809 px,-0.385
1,769.5 px,275.5 px,-0.385
1,880.5 px,880.5 px,-0.385
1,2131.5 px,313.5 px,-0.385
3,1620.5 px,619.5 px,-0.385
3,927.5 px,658.5 px,-0.385
3,1352.5 px,481 px,-0.385
1,1205.5 px,354.5 px,-0.385
1,727.5 px,252.5 px,-0.385
1,1811.5 px,452.5 px,-0.385
1,693.5 px,851.5 px,-0.385
3,495 px,375 px,-0.385
3,1426 px,818 px,-0.385
2,969.5 px,462 px,-0.385
2,1027 px,716.5 px,-0.385
3,2056.5 px,698.5 px,-0.385
3,485.5 px,637 px,-0.385
2,1613.5 px,186.5 px,-0.385
2,1732 px,305.5 px,-0.385
2,525.5 px,552.5 px,-0.385
2,1497 px,766.5 px,-0.385
2,1897 px,567.5 px,-0.385
1,1500 px,270.5 px,-0.385
3,988.5 px,576 px,-0.385
2,1462.5 px,484.5 px,-0.385
3,1793 px,474 px,-0.385
1,824.5 px,590.5 px,-0.385
1,346 px,489.5 px,-0.385
1,465.5 px,246 px,-0.385
1,2186.5 px,628.5 px,-0.385
2,1232 px,422.5 px,-0.385
1,1967.5 px,320.5 px,-0.385
3,1716 px,472.5 px,-0.385
3,1743.5 px,705 px,-0.385
3,1271.5 px,613 px,-0.385
3,729 px,472.5 px,-0.385
2,1044 px,290.5 px,-0.385
2,466.5 px,872.5 px,-0.385
1,2146.5 px,410 px,-0.385
1,1940.5 px,642.5 px,-0.385
1,1286.5 px,699 px,-0.385
1,845.5 px,702 px,-0.385
1,1030 px,760.5 px,-0.385
1,367.5 px,673.5 px,-0.385
1,379 px,855.5 px,-0.385
1,325.5 px,282.5 px,-0.385
3,1111 px,303 px,-0.385
2,530 px,739.5 px,-0.385
2,1901.5 px,754.5 px,-0.385
1,1504.5 px,456.5 px,-0.385
3,993 px,763 px,-0.385
3,1841.5 px,200 px,-0.385
2,550 px,251.5 px,-0.385
3,1798 px,801.5 px,-0.385
3,725.5 px,625 px,-0.385
1,578.5 px,498.5 px,-0.385
1,1184 px,596.5 px,-0.385
1,773.5 px,369.5 px,-0.385
3,1547 px,382 px,-0.385
2,400 px,860 px,-0.385
1,1940.5 px,535.5 px,-0.385
3,1429 px,842.5 px,-0.385
3,2072.5 px,263 px,-0.385
2,986 px,331 px,-0.385
2,1104 px,449.5 px,-0.385
3,479.5 px,260.5 px,-0.385
2,869.5 px,910.5 px,-0.385
2,1270 px,711.5 px,-0.385
1,872.5 px,414.5 px,-0.385
1,1703.5 px,170.5 px,-0.385
3,361.5 px,720.5 px,-0.385
3,1705 px,571.5 px,-0.385
2,835 px,628.5 px,-0.385
3,1165.5 px,618 px,-0.385
1,1559 px,772.5 px,-0.385
3,1896 px,516 px,-0.385
2,605 px,566.5 px,-0.385
2,1630 px,695.5 px,-0.385
2,2196.5 px,654.5 px,-0.385
1,1340 px,464.5 px,-0.385
1,1330.5 px,232.5 px,-0.385
3,1088.5 px,616.5 px,-0.385
3,2075.5 px,797 px,-0.385
3,1116.5 px,849 px,-0.385
3,644.5 px,757.5 px,-0.385
3,671.5 px,263 px,-0.385
2,416.5 px,434.5 px,-0.385
2,2088 px,498.5 px,-0.385
2,1731 px,427.5 px,-0.385
1,2127.5 px,94.5 px,-0.385
1,1856.5 px,391.5 px,-0.385
1,1974 px,171.5 px,-0.385
1,1519.5 px,553 px,-0.385
1,1313.5 px,786.5 px,-0.385
1,658.5 px,843 px,-0.385
1,402.5 px,904.5 px,-0.385
2,2081.5 px,540 px,-0.385
3,1539.5 px,461.5 px,-0.385
1,2183 px,755 px,-0.385
3,1975.5 px,541.5 px,-0.385
2,2015.5 px,456.5 px,-0.385
2,1062.5 px,836 px,-0.385
1,1738.5 px,740.5 px,-0.385
3,907.5 px,418 px,-0.385
1,1835.5 px,392.5 px,-0.385
3,1594 px,777 px,-0.385
2,1956 px,776 px,-0.385
1,1856.5 px,576.5 px,-0.385
1,1699 px,555 px,-0.385
1,1868.5 px,758.5 px,-0.385
1,1494.5 px,358 px,-0.385
1,1492.5 px,877.5 px,-0.385
1,1518.5 px,676 px,-0.385
2,1454 px,684 px,-0.385
2,2020 px,642.5 px,-0.385
3,1789.5 px,705.5 px,-0.385
1,2068 px,402.5 px,-0.385
1,1555.5 px,899 px,-0.385
3,1357.5 px,422.5 px,-0.385
2,1832 px,509.5 px,-0.385
2,1890 px,763.5 px,-0.385
3,1348 px,685 px,-0.385
2,994 px,470.5 px,-0.385
2,1388 px,600 px,-0.385
1,1111.5 px,884.5 px,-0.385
3,1851 px,623.5 px,-0.385
1,1686.5 px,638 px,-0.385
1,1208.5 px,536.5 px,-0.385
3,966.5 px,921 px,-0.385
2,2095 px,470 px,-0.385
3,2134 px,660 px,-0.385
3,1591.5 px,520.5 px,-0.385
2,1906.5 px,338.5 px,-0.385
1,2148.5 px,745.5 px,-0.385
1,1708 px,749.5 px,-0.385
1,1892.5 px,806.5 px,-0.385
1,1229.5 px,719.5 px,-0.385
1,1071.5 px,699 px,-0.385
1,1241.5 px,901.5 px,-0.385
1,867.5 px,502 px,-0.385
1,890.5 px,820 px,-0.385
1,1095.5 px,344 px,-0.385
1,795.5 px,379.5 px,-0.385
2,1203 px,213 px,-0.385
3,927.5 px,188 px,-0.385
1,874.5 px,528.5 px,-0.385
3,1137 px,408 px,-0.385
1,1326 px,104.5 px,-0.385
3,606 px,387 px,-0.385
1,1283.5 px,82.5 px,-0.385
3,1051.5 px,204 px,-0.385
2,688 px,252 px,-0.385
2,1082 px,381.5 px,-0.385
1,1380.5 px,419.5 px,-0.385
1,902.5 px,318.5 px,-0.385
1,1021.5 px,76 px,-0.385
3,1285.5 px,301.5 px,-0.385
1,923.5 px,501 px,-0.385
1,765.5 px,480.5 px,-0.385
1,882 px,111.5 px,-0.385
1,698.5 px,248.5 px,-0.385
2,1106.5 px,80.5 px,-0.385
1,1134.5 px,327.5 px,-0.385
1,656.5 px,225.5 px,-0.385
1,1329.5 px,197.5 px,-0.385
2,898.5 px,435 px,-0.385
1,572.5 px,144.5 px,-0.385
3,1035.5 px,89 px,-0.385
2,1161 px,395.5 px,-0.385
3,658 px,445 px,-0.385
3,1384 px,47.5 px,-0.385
3,1228 px,92 px,-0.385
2,973 px,263.5 px,-0.385
2,1383 px,801.5 px,4.557
1,748.5 px,845.5 px,4.557
1,358.5 px,583.5 px,4.557
3,1653.5 px,739 px,4.557
3,1428 px,1011 px,4.557
3,1031.5 px,568 px,4.557
2,415 px,952.5 px,4.557
1,1410.5 px,749.5 px,4.557
3,874.5 px,1016.5 px,4.557
3,1768 px,529 px,4.557
2,477 px,468.5 px,4.557
1,1176.5 px,962 px,4.557
3,567 px,707.5 px,4.557
2,1810 px,721.5 px,4.557
1,786.5 px,700.5 px,4.557
2,336.5 px,905 px,4.557
3,1156 px,894.5 px,4.557
2,1570 px,463.5 px,4.557
1,1396.5 px,988 px,4.557
1,949.5 px,842.5 px,4.557
3,1892.5 px,855.5 px,4.557
3,205 px,420.5 px,4.557
1,386.5 px,902.5 px,4.557
3,1111 px,718.5 px,4.557
2,1576 px,846.5 px,4.557
1,1758.5 px,979.5 px,4.557
1,1241.5 px,835.5 px,4.557
1,553.5 px,940.5 px,4.557
1,1409 px,808.5 px,4.557
1,763.5 px,975.5 px,4.557
3,1844 px,719.5 px,4.557
3,410 px,755 px,4.557
3,1937 px,929.5 px,4.557
3,1016 px,828.5 px,4.557
3,394 px,657.5 px,4.557
1,772.5 px,839 px,4.557
1,1621.5 px,667.5 px,4.557
3,1131 px,618 px,4.557
1,538.5 px,1051.5 px,4.557
2,1173 px,810.5 px,4.557
2,1604 px,890.5 px,4.557
3,518.5 px,984 px,4.557
2,932 px,553.5 px,4.557
2,1683 px,592.5 px,4.557
1,311.5 px,932 px,4.557
3,1255 px,945 px,4.557
1,1778.5 px,993 px,4.557
1,1388.5 px,731.5 px,4.557
3,474 px,808.5 px,4.557
2,939 px,936 px,4.557
1,604.5 px,925 px,4.557
3,1584 px,338 px,4.557
2,400 px,715.5 px,4.557
2,967.5 px,723.5 px,4.557
2,1917 px,1019.5 px,4.557
1,608.5 px,364.5 px,4.557
1,667.5 px,977 px,4.557
1,1962.5 px,519.5 px,4.557
3,1427 px,787.5 px,4.557
3,733 px,766 px,4.557
3,1172 px,626 px,4.557
1,1036.5 px,481.5 px,4.557
1,568.5 px,339.5 px,4.557
1,1631.5 px,631 px,4.557
1,483.5 px,932.5 px,4.557
1,1241.5 px,369.5 px,4.557
3,326.5 px,446 px,4.557
3,1216 px,968 px,4.557
2,792 px,574.5 px,4.557
2,828 px,832 px,4.557
3,1854.5 px,903 px,4.557
3,295 px,707.5 px,4.557
2,1457 px,355.5 px,4.557
2,1565 px,483.5 px,4.557
2,342 px,626 px,4.557
2,1291 px,922.5 px,4.557
2,1707 px,759.5 px,4.557
1,1336.5 px,422.5 px,4.557
3,801 px,689.5 px,4.557
2,1281 px,639 px,4.557
3,1611.5 px,657 px,4.557
1,636.5 px,683.5 px,4.557
1,308.5 px,310.5 px,4.557
1,1989.5 px,838.5 px,4.557
2,1057 px,557.5 px,4.557
1,1798.5 px,512.5 px,4.557
3,1534.5 px,649 px,4.557
3,1542.5 px,882.5 px,4.557
3,1080 px,750.5 px,4.557
3,551 px,564 px,4.557
2,881 px,409.5 px,4.557
2,255.5 px,939.5 px,4.557
1,1969.5 px,617.5 px,4.557
1,1743.5 px,831.5 px,4.557
1,1087 px,831.5 px,4.557
1,647.5 px,796 px,4.557
1,826.5 px,870 px,4.557
1,173.5 px,726 px,4.557
1,169.5 px,909 px,4.557
1,165.5 px,333.5 px,4.557
3,947 px,428.5 px,4.557
2,330 px,812.5 px,4.557
2,1695 px,946 px,4.557
1,1325.5 px,609 px,4.557
3,789.5 px,876 px,4.557
3,1683 px,388.5 px,4.557
2,392 px,328.5 px,4.557
3,1588 px,984 px,4.557
3,535 px,715.5 px,4.557
1,399.5 px,571 px,4.557
1,993.5 px,720.5 px,4.557
1,604.5 px,459 px,4.557
3,1374 px,544.5 px,4.557
2,190 px,921.5 px,4.557
1,1752.5 px,725.5 px,4.557
3,1217 px,993.5 px,4.557
3,1908 px,470.5 px,4.557
2,820 px,444.5 px,4.557
2,1151 px,347.5 px,4.557
2,927 px,573.5 px,4.557
3,321 px,330.5 px,4.557
2,654 px,1012 px,4.557
2,1069.5 px,848.5 px,4.557
1,699.5 px,512 px,4.557
1,1548.5 px,340.5 px,4.557
3,163.5 px,779 px,4.557
3,1515 px,746.5 px,4.557
2,644 px,728.5 px,4.557
3,974 px,746.5 px,4.557
2,1387.5 px,315.5 px,4.557
1,1352.5 px,928 px,4.557
3,1710.5 px,707 px,4.557
2,419.5 px,646.5 px,4.557
2,1430 px,863.5 px,4.557
2,1997.5 px,870.5 px,4.557
1,1160.5 px,602 px,4.557
1,1171.5 px,370.5 px,4.557
3,897 px,738 px,4.557
3,1865 px,1003 px,4.557
3,905 px,972 px,4.557
3,442.5 px,840 px,4.557
3,672 px,319.5 px,4.557
3,512.5 px,350 px,4.557
2,243 px,499.5 px,4.557
2,1903 px,706.5 px,4.557
2,1554 px,605.5 px,4.557
1,1977.5 px,302.5 px,4.557
1,1681.5 px,574.5 px,4.557
1,1817.5 px,364.5 px,4.557
1,1331.5 px,707 px,4.557
1,1106.5 px,920.5 px,4.557
1,449.5 px,920.5 px,4.557
1,189.5 px,959.5 px,4.557
2,1892.5 px,747.5 px,4.557
3,1359.5 px,622.5 px,4.557
1,1975.5 px,964 px,4.557
3,1787 px,739 px,4.557
2,1834 px,658.5 px,4.557
2,852 px,954.5 px,4.557
1,1534.5 px,912 px,4.557
3,734 px,525 px,4.557
1,1660.5 px,573.5 px,4.557
3,1387 px,941.5 px,4.557
2,1748 px,971.5 px,4.557
1,1666.5 px,758.5 px,4.557
1,1510.5 px,723 px,4.557
1,1662.5 px,941 px,4.557
1,1324.5 px,509.5 px,4.557
1,1277.5 px,1026.5 px,4.557
1,1320.5 px,828.5 px,4.557
2,1255 px,836.5 px,4.557
2,1822.5 px,844.5 px,4.557
3,1588 px,887.5 px,4.557
1,1891.5 px,603 px,4.557
1,1338.5 px,1053.5 px,4.557
3,1182 px,567.5 px,4.557
2,1647 px,695.5 px,4.557
2,1683 px,953.5 px,4.557
3,1150 px,828.5 px,4.557
2,816 px,584.5 px,4.557
2,1197 px,747.5 px,4.557
1,896.5 px,1001 px,4.557
3,1656 px,811 px,4.557
1,1491.5 px,805 px,4.557
1,1023.5 px,663 px,4.557
3,749.5 px,1031 px,4.557
2,1912 px,678.5 px,4.557
3,1935 px,872 px,4.557
3,1406.5 px,685 px,4.557
2,1736 px,531.5 px,4.557
1,1942.5 px,952.5 px,4.557
1,1502.5 px,917.5 px,4.557
1,1681.5 px,991.5 px,4.557
1,1028.5 px,847.5 px,4.557
1,873.5 px,812.5 px,4.557
1,686.5 px,599 px,4.557
1,682.5 px,917.5 px,4.557
1,927.5 px,461 px,4.557
1,625.5 px,472 px,4.557
2,1046 px,345.5 px,4.557
3,774 px,298.5 px,4.557
1,691.5 px,625.5 px,4.557
3,963 px,535 px,4.557
1,1177.5 px,242.5 px,4.557
3,436 px,468 px,4.557
1,1137.5 px,217 px,4.557
3,895.5 px,324 px,4.557
2,530 px,340.5 px,4.557
2,911 px,503.5 px,4.557
1,1205.5 px,561 px,4.557
1,737.5 px,419 px,4.557
1,877.5 px,187.5 px,4.557
3,1120.5 px,441 px,4.557
1,742.5 px,604 px,4.557
1,587.5 px,569 px,4.557
1,734.5 px,211 px,4.557
1,540.5 px,331.5 px,4.557
2,961 px,205.5 px,4.557
1,968 px,448.5 px,4.557
1,500.5 px,306.5 px,4.557
1,1173.5 px,336.5 px,4.557
2,723 px,541.5 px,4.557
3,890 px,208 px,4.557
2,988.5 px,524.5 px,4.557
3,483 px,531 px,4.557
3,1241 px,196.5 px,4.557
3,1081.5 px,227.5 px,4.557
2,812 px,376.5 px,4.557
2,1657 px,535 px,4.557
3,2742.5 px,485.5 px,4.557
3,1559 px,1390.5 px,4.557
2,1972 px,959.5 px,4.557
2,2723 px,998.5 px,4.557
1,583.5 px,1416.5 px,4.557
1,1023 px,579 px,4.557
1,-125.5 px,880 px,4.557
1,1937.5 px,1571.5 px,4.557
1,633.5 px,317 px,4.557
1,2786.5 px,1400 px,4.557
1,1309.5 px,937.5 px,4.557
3,-282 px,394 px,4.557
3,-158 px,1642.5 px,4.557
3,2295 px,1351 px,4.557
2,1004 px,1290.5 px,4.557
2,183.5 px,521.5 px,4.557
3,-221 px,1137.5 px,4.557
3,498 px,577.5 px,4.557
3,2849 px,573.5 px,4.557
3,2107 px,1028.5 px,4.557
3,1928 px,472.5 px,4.557
3,1702.5 px,745 px,4.557
3,323 px,1094.5 px,4.557
3,1306 px,301.5 px,4.557
2,122 px,678.5 px,4.557
2,689.5 px,686.5 px,4.557
2,-293 px,982.5 px,4.557
2,1639 px,983 px,4.557
2,2055 px,819.5 px,4.557
1,330.5 px,328 px,4.557
1,-136.5 px,186 px,4.557
1,389.5 px,940 px,4.557
1,1684.5 px,483 px,4.557
1,2533.5 px,311.5 px,4.557
3,1149 px,750.5 px,4.557
3,-411 px,554 px,4.557
3,2042.5 px,262 px,4.557
3,2500.5 px,717.5 px,4.557
2,752 px,201.5 px,4.557
1,1011.5 px,1533 px,4.557
1,543.5 px,1391 px,4.557
1,1450.5 px,695.5 px,4.557
2,1415 px,1208.5 px,4.557
1,2635.5 px,1653.5 px,4.557
1,-154.5 px,606 px,4.557
1,1216.5 px,1421 px,4.557
3,301 px,1498 px,4.557
3,841.5 px,441 px,4.557
3,1918 px,1237.5 px,4.557
2,2085 px,454.5 px,4.557
3,1986.5 px,1507 px,4.557
2,2400 px,1075.5 px,4.557
2,2516 px,535 px,4.557
1,302.5 px,996.5 px,4.557
1,2364.5 px,1688 px,4.557
1,1060.5 px,433.5 px,4.557
1,2770.5 px,770.5 px,4.557
1,1736.5 px,1054.5 px,4.557
3,146 px,510.5 px,4.557
3,2723 px,1467.5 px,4.557
3,2520 px,1433.5 px,4.557
3,1035 px,1032 px,4.557
2,1432 px,1407 px,4.557
2,611 px,638.5 px,4.557
3,1430.5 px,628 px,4.557
2,1844 px,197.5 px,4.557
2,246.5 px,1005.5 px,4.557
2,814 px,1013 px,4.557
2,-168.5 px,1309.5 px,4.557
2,1763 px,1309.5 px,4.557
2,2179 px,1146.5 px,4.557
2,2595 px,236.5 px,4.557
1,455.5 px,654.5 px,4.557
1,-12.5 px,512.5 px,4.557
1,-253.5 px,118 px,4.557
1,1809.5 px,809.5 px,4.557
1,1671.5 px,721.5 px,4.557
1,881.5 px,856 px,4.557
1,1223.5 px,576 px,4.557
3,1273 px,1076.5 px,4.557
3,-286.5 px,880 px,4.557
3,2167 px,589 px,4.557
3,2625 px,1044.5 px,4.557
3,479.5 px,154 px,4.557
2,1587 px,878.5 px,4.557
2,1539 px,1535.5 px,4.557
2,1347 px,862 px,4.557
2,-64.5 px,1514.5 px,4.557
2,316 px,1677.5 px,4.557
2,2097 px,901.5 px,4.557
1,-42.5 px,1319.5 px,4.557
1,-510 px,1177.5 px,4.557
1,397.5 px,481.5 px,4.557
1,-140.5 px,1109.5 px,4.557
1,1311.5 px,1474 px,4.557
1,2160.5 px,1303 px,4.557
1,683.5 px,840.5 px,4.557
3,56.5 px,1023.5 px,4.557
3,1669.5 px,1254 px,4.557
3,-18 px,818.5 px,4.557
2,379 px,1193.5 px,4.557
2,1256 px,1690.5 px,4.557
2,-442 px,424.5 px,4.557
2,2000 px,1278 px,4.557
2,2750 px,1317.5 px,4.557
1,142.5 px,1593.5 px,4.557
1,1050.5 px,897.5 px,4.557
1,282.5 px,1362 px,4.557
1,660.5 px,636 px,4.557
1,1336.5 px,1256.5 px,4.557
3,-254.5 px,712.5 px,4.557
3,2322.5 px,1670 px,4.557
3,635 px,1234.5 px,4.557
2,1032 px,1609.5 px,4.557
2,211 px,840.5 px,4.557
1,1772.5 px,1564 px,4.557
1,1783.5 px,1333 px,4.557
1,2690.5 px,637 px,4.557
1,2336.5 px,951 px,4.557
1,2300.5 px,375.5 px,4.557
1,2926.5 px,1070 px,4.557
3,1386 px,452 px,4.557
3,1284 px,1281.5 px,4.557
3,1124.5 px,1312 px,4.557
3,1198.5 px,935 px,4.557
3,2275 px,974 px,4.557
2,794.5 px,1255.5 px,4.557
2,2672 px,1348.5 px,4.557
2,855 px,1461.5 px,4.557
2,2515.5 px,1668.5 px,4.557
2,2166 px,1567.5 px,4.557
2,1851 px,580.5 px,4.557
1,482.5 px,829.5 px,4.557
1,2324.5 px,814 px,4.557
1,2219.5 px,821.5 px,4.557
1,2659.5 px,856.5 px,4.557
1,2519.5 px,950 px,4.557
1,2589.5 px,1265 px,4.557
1,2293.5 px,1537 px,4.557
1,2429.5 px,1327 px,4.557
1,2033.5 px,713 px,4.557
1,1516.5 px,569 px,4.557
1,828.5 px,674 px,4.557
1,1578.5 px,1117 px,4.557
1,1944 px,1669 px,4.557
1,1683.5 px,541.5 px,4.557
1,1038.5 px,709 px,4.557
1,828.5 px,1245.5 px,4.557
1,2561.5 px,786.5 px,4.557
1,2876.5 px,1070.5 px,4.557
1,-193.5 px,1529 px,4.557
1,140.5 px,1385.5 px,4.557
1,614.5 px,1027.5 px,4.557
3,2118.5 px,453 px,4.557
3,2305 px,515.5 px,4.557
3,684.5 px,488 px,4.557
3,2301 px,581.5 px,4.557
3,2320.5 px,679 px,4.557
3,39 px,1137.5 px,4.557
3,921.5 px,1479.5 px,4.557
2,1335 px,1048.5 px,4.557
2,2711 px,1180.5 px,4.557
2,2372.5 px,1498.5 px,4.557
2,2086 px,1087.5 px,4.557
1,-53.5 px,1506 px,4.557
1,-521.5 px,1364 px,4.557
1,385.5 px,668 px,4.557
1,1299.5 px,1661 px,4.557
1,-4 px,406.5 px,4.557
1,2148.5 px,1489.5 px,4.557
1,671.5 px,1027 px,4.557
3,1658 px,1440.5 px,4.557
3,-30 px,1005 px,4.557
2,367 px,1379.5 px,4.557
2,-454 px,611.5 px,4.557
3,-139.5 px,667 px,4.557
3,2212 px,663.5 px,4.557
3,1469.5 px,1118 px,4.557
3,1290.5 px,562 px,4.557
3,1065 px,834 px,4.557
3,-314.5 px,1184 px,4.557
3,669 px,391.5 px,4.557
2,-515 px,768 px,4.557
2,52 px,775.5 px,4.557
2,1001 px,1072.5 px,4.557
2,1417 px,909.5 px,4.557
1,-306.5 px,417.5 px,4.557
1,-248 px,1029.5 px,4.557
1,1047.5 px,572.5 px,4.557
1,1896.5 px,401 px,4.557
3,511.5 px,839 px,4.557
3,1405 px,352 px,4.557
3,1863 px,807 px,4.557
2,114 px,291.5 px,4.557
1,373.5 px,1622.5 px,4.557
1,-94.5 px,1480.5 px,4.557
1,813.5 px,785 px,4.557
2,778 px,1298.5 px,4.557
1,579 px,1510.5 px,4.557
3,-336 px,1587 px,4.557
3,204 px,530.5 px,4.557
3,1281 px,1327.5 px,4.557
2,1447.5 px,544 px,4.557
3,1349 px,1596 px,4.557
2,1762.5 px,1165.5 px,4.557
2,1879 px,624.5 px,4.557
2,2513 px,1204.5 px,4.557
1,-335.5 px,1086 px,4.557
1,423.5 px,523 px,4.557
1,2133.5 px,860 px,4.557
1,1099.5 px,1143.5 px,4.557
3,-491.5 px,600 px,4.557
3,2085.5 px,1557 px,4.557
3,1882.5 px,1522 px,4.557
3,398 px,1122.5 px,4.557
2,794.5 px,1496.5 px,4.557
2,-26 px,727.5 px,4.557
3,793 px,717.5 px,4.557
2,1207 px,286.5 px,4.557
2,-391 px,1094.5 px,4.557
2,176.5 px,1102.5 px,4.557
2,1126 px,1398.5 px,4.557
2,1542 px,1235.5 px,4.557
2,1957.5 px,326 px,4.557
1,-182.5 px,744 px,4.557
1,-649.5 px,602 px,4.557
1,-170.5 px,1391 px,4.557
1,1171.5 px,899 px,4.557
1,1033.5 px,811 px,4.557
1,244.5 px,945.5 px,4.557
1,586.5 px,665.5 px,4.557
3,636 px,1166.5 px,4.557
3,1529.5 px,678 px,4.557
3,1987.5 px,1133.5 px,4.557
3,-158 px,243 px,4.557
2,950 px,967.5 px,4.557
2,902 px,1624.5 px,4.557
3,295.5 px,1382 px,4.557
2,709 px,951.5 px,4.557
2,1460 px,990.5 px,4.557
1,-679.5 px,1408.5 px,4.557
1,-240.5 px,571 px,4.557
1,674.5 px,1563.5 px,4.557
1,-629.5 px,309.5 px,4.557
1,1523.5 px,1392.5 px,4.557
1,46.5 px,930 px,4.557
3,-581 px,1113 px,4.557
3,1032 px,1343 px,4.557
2,-259 px,1282.5 px,4.557
2,1362 px,1367.5 px,4.557
2,2113 px,1406.5 px,4.557
1,-494.5 px,1683 px,4.557
1,412.5 px,987 px,4.557
1,-354.5 px,1451.5 px,4.557
1,23.5 px,725.5 px,4.557
1,699.5 px,1346 px,4.557
3,-2.5 px,1324 px,4.557
2,394 px,1698.5 px,4.557
2,-427 px,930.5 px,4.557
3,2589 px,1538.5 px,4.557
2,3002 px,1107 px,4.557
1,1135.5 px,1653.5 px,4.557
1,1145.5 px,1422 px,4.557
1,2053 px,726.5 px,4.557
1,1699.5 px,1040.5 px,4.557
1,1663.5 px,465 px,4.557
1,2288.5 px,1159 px,4.557
3,748.5 px,541.5 px,4.557
3,646.5 px,1370.5 px,4.557
3,487 px,1401.5 px,4.557
3,561 px,1024.5 px,4.557
3,1637.5 px,1063.5 px,4.557
2,157 px,1344.5 px,4.557
2,2034 px,1438.5 px,4.557
2,218 px,1550.5 px,4.557
2,1528 px,1657.5 px,4.557
2,1213.5 px,669.5 px,4.557
1,-154.5 px,919 px,4.557
1,1687.5 px,903.5 px,4.557
1,1582.5 px,911 px,4.557
1,2021.5 px,946 px,4.557
1,1881.5 px,1039.5 px,4.557
1,1951.5 px,1354 px,4.557
1,1656.5 px,1626.5 px,4.557
1,1792.5 px,1416.5 px,4.557
1,1395.5 px,802.5 px,4.557
1,879 px,658.5 px,4.557
1,191.5 px,763.5 px,4.557
1,941.5 px,1206.5 px,4.557
1,-496.5 px,1474.5 px,4.557
1,-22.5 px,1117 px,4.557
3,1334.5 px,1674 px,4.557
1,2503.5 px,1565 px,4.557
2,2259 px,1657.5 px,4.557
3,708.5 px,1577 px,4.557
1,1635.5 px,1625.5 px,4.557
2,2524 px,1641 px,4.557
3,2018.5 px,1647.5 px,4.557
1,1298.5 px,1561 px,4.557
1,2792.5 px,1693 px,4.557
1,1866.5 px,1654.5 px,4.557
3,1156.5 px,1619 px,4.557
3,2841.5 px,1628 px,4.557
2,2394.5 px,1656.5 px,4.557
2,791 px,1635.5 px,4.557
1,2166.5 px,1595.5 px,4.557
1,2628 px,1685.5 px,4.557
2,1710 px,1582.5 px,4.557
1,661.5 px,1650.5 px,4.557
3,1858.5 px,72 px,4.557
2,675 px,449 px,4.557
2,1242 px,456.5 px,4.557
2,260 px,753.5 px,4.557
2,2191 px,753.5 px,4.557
2,2607 px,590 px,4.557
1,883.5 px,98 px,4.557
1,941.5 px,710.5 px,4.557
1,2237.5 px,253 px,4.557
1,3086.5 px,82 px,4.557
3,1701 px,520 px,4.557
3,142 px,324 px,4.557
3,3053 px,488.5 px,4.557
2,1967.5 px,979 px,4.557
3,2500 px,628 px,4.557
3,1007.5 px,499.5 px,4.557
3,1446.5 px,359.5 px,4.557
1,1310.5 px,215 px,4.557
1,843.5 px,73 px,4.557
2,2855 px,745.5 px,4.557
1,2935.5 px,335.5 px,4.557
1,998.5 px,1060.5 px,4.557
1,1905.5 px,364.5 px,4.557
1,757.5 px,665.5 px,4.557
1,1516.5 px,103 px,4.557
1,2425.5 px,735 px,4.557
3,601 px,179.5 px,4.557
3,1490.5 px,701.5 px,4.557
2,1066 px,307.5 px,4.557
3,2286 px,188.5 px,4.557
2,1102 px,565.5 px,4.557
2,687 px,869.5 px,4.557
2,2619 px,869.5 px,4.557
2,3035 px,706.5 px,4.557
1,1369.5 px,827 px,4.557
1,2664.5 px,370 px,4.557
3,2129 px,637.5 px,4.557
3,569 px,441 px,4.557
3,3022.5 px,149 px,4.557
3,2819.5 px,114.5 px,4.557
2,1732 px,88.5 px,4.557
2,1839 px,217.5 px,4.557
2,235 px,196.5 px,4.557
2,616 px,359.5 px,4.557
2,-366 px,656 px,4.557
2,1565.5 px,656 px,4.557
2,1981 px,492.5 px,4.557
1,316.5 px,613.5 px,4.557
1,1611.5 px,156 px,4.557
3,1075.5 px,423 px,4.557
3,-484 px,227 px,4.557
3,2427 px,390.5 px,4.557
2,1555.5 px,372.5 px,4.557
3,1886 px,390.5 px,4.557
2,702 px,767.5 px,4.557
2,1269 px,775.5 px,4.557
2,287 px,1072 px,4.557
2,2218.5 px,1072 px,4.557
2,2634 px,908.5 px,4.557
1,910.5 px,417 px,4.557
1,442.5 px,275 px,4.557
1,582.5 px,43.5 px,4.557
1,2264.5 px,572 px,4.557
1,3113.5 px,401 px,4.557
3,1728.5 px,839 px,4.557
3,169 px,643.5 px,4.557
3,2622.5 px,351.5 px,4.557
3,3080 px,806.5 px,4.557
2,1331 px,291 px,4.557
2,2342 px,507.5 px,4.557
2,2909 px,515.5 px,4.557
2,1927 px,811.5 px,4.557
1,2072.5 px,246 px,4.557
3,1809 px,382 px,4.557
3,2777 px,647 px,4.557
3,1817 px,616 px,4.557
3,1354.5 px,484 px,4.557
3,826 px,297.5 px,4.557
2,1155 px,143.5 px,4.557
2,530 px,673 px,4.557
2,2815 px,350.5 px,4.557
2,2465.5 px,249.5 px,4.557
1,2593.5 px,218.5 px,4.557
1,2243.5 px,351 px,4.557
1,2018.5 px,565 px,4.557
1,1361.5 px,564.5 px,4.557
1,922.5 px,530 px,4.557
1,1101.5 px,603.5 px,4.557
1,448.5 px,460 px,4.557
1,292.5 px,425 px,4.557
1,444.5 px,642.5 px,4.557
1,106.5 px,211 px,4.557
1,59.5 px,728 px,4.557
1,102.5 px,529.5 px,4.557
1,440.5 px,67 px,4.557
3,2939 px,433.5 px,4.557
3,1221 px,161 px,4.557
2,37 px,538.5 px,4.557
2,2672 px,180.5 px,4.557
2,2948 px,639.5 px,4.557
2,3003 px,519 px,4.557
2,605 px,546.5 px,4.557
2,-378 px,842.5 px,4.557
2,1554 px,842.5 px,4.557
2,1970 px,679.5 px,4.557
1,246 px,187.5 px,4.557
1,-221.5 px,46 px,4.557
1,304.5 px,800 px,4.557
1,1599.5 px,342.5 px,4.557
1,2448.5 px,171.5 px,4.557
3,1064 px,610 px,4.557
3,1957.5 px,122 px,4.557
3,2415.5 px,577 px,4.557
2,667 px,61.5 px,4.557
2,1330 px,1068.5 px,4.557
3,1862.5 px,717 px,4.557
3,370 px,589 px,4.557
3,809 px,449 px,4.557
1,673.5 px,304 px,4.557
2,2218 px,834.5 px,4.557
2,2969 px,873.5 px,4.557
1,2298.5 px,425 px,4.557
1,1268.5 px,454 px,4.557
1,120.5 px,755 px,4.557
1,878.5 px,192.5 px,4.557
1,1788 px,824.5 px,4.557
3,-36 px,269.5 px,4.557
3,853 px,791 px,4.557
2,429 px,397 px,4.557
3,1649 px,278.5 px,4.557
2,465 px,655 px,4.557
2,50 px,959.5 px,4.557
2,1981 px,959.5 px,4.557
2,2397 px,796.5 px,4.557
1,732 px,916.5 px,4.557
1,2027.5 px,459 px,4.557
3,1491.5 px,726 px,4.557
3,-68 px,530.5 px,4.557
3,2385 px,238.5 px,4.557
3,2182 px,204 px,4.557
2,1094 px,178.5 px,4.557
2,1425.5 px,80.5 px,4.557
1,129.5 px,73 px,4.557
2,1202 px,306.5 px,4.557
3,595.5 px,64 px,4.557
2,-402 px,285.5 px,4.557
2,-21 px,449 px,4.557
2,928 px,745.5 px,4.557
2,1344 px,582.5 px,4.557
1,-379.5 px,90.5 px,4.557
1,-321.5 px,702.5 px,4.557
1,973.5 px,245.5 px,4.557
1,1823 px,74.5 px,4.557
3,438 px,512.5 px,4.557
3,1790 px,480 px,4.557
2,918 px,462 px,4.557
3,1248.5 px,480 px,4.557
2,1662 px,49.5 px,4.557
2,64 px,857.5 px,4.557
2,632 px,864.5 px,4.557
2,1997 px,998.5 px,4.557
2,2413 px,88.5 px,4.557
1,273.5 px,506.5 px,4.557
1,-194.5 px,364.5 px,4.557
1,-54.5 px,133 px,4.557
1,1626.5 px,661.5 px,4.557
1,2476 px,490.5 px,4.557
3,1091 px,928.5 px,4.557
3,-468.5 px,732 px,4.557
3,1985 px,441.5 px,4.557
3,2442.5 px,896 px,4.557
2,694 px,380.5 px,4.557
3,2888.5 px,219.5 px,4.557
2,1704.5 px,596.5 px,4.557
2,2272 px,604.5 px,4.557
2,1290 px,901 px,4.557
1,1435.5 px,335.5 px,4.557
1,1445.5 px,104 px,4.557
3,2731 px,668 px,4.557
3,1171.5 px,472 px,4.557
3,2139.5 px,736.5 px,4.557
3,1179.5 px,705.5 px,4.557
3,717 px,573 px,4.557
3,188.5 px,387 px,4.557
3,946.5 px,52 px,4.557
3,787 px,83.5 px,4.557
2,2334 px,119.5 px,4.557
2,518 px,232.5 px,4.557
2,-107.5 px,762.5 px,4.557
2,2178 px,439.5 px,4.557
2,1828 px,338.5 px,4.557
1,2251.5 px,36 px,4.557
1,1956.5 px,308 px,4.557
1,2092.5 px,98.5 px,4.557
1,1606.5 px,440.5 px,4.557
1,1380.5 px,654 px,4.557
1,724 px,654 px,4.557
1,284.5 px,619 px,4.557
1,463.5 px,693 px,4.557
1,-189.5 px,549 px,4.557
1,-344.5 px,514 px,4.557
1,-193.5 px,732 px,4.557
1,-531.5 px,300.5 px,4.557
1,-535.5 px,619 px,4.557
1,-197.5 px,156.5 px,4.557
2,2167 px,480.5 px,4.557
2,2734.5 px,488.5 px,4.557
2,1752 px,785.5 px,4.557
1,2434.5 px,742.5 px,4.557
3,1634 px,356 px,4.557
3,2500 px,531.5 px,4.557
3,2939 px,391.5 px,4.557
1,2803.5 px,247 px,4.557
1,2250.5 px,697.5 px,4.557
3,2983 px,733.5 px,4.557
2,2559 px,339.5 px,4.557
2,2594.5 px,597.5 px,4.557
2,2180 px,901.5 px,4.557
1,2861.5 px,859 px,4.557
3,2062 px,472.5 px,4.557
2,2109 px,391.5 px,4.557
2,1126 px,688.5 px,4.557
2,3058 px,688 px,4.557
1,1808.5 px,645 px,4.557
3,2568 px,455 px,4.557
3,1008.5 px,259 px,4.557
2,3048 px,404.5 px,4.557
2,2194 px,799.5 px,4.557
2,2762 px,807.5 px,4.557
1,2403.5 px,449 px,4.557
1,1935.5 px,307 px,4.557
3,1661.5 px,675 px,4.557
2,2824 px,322.5 px,4.557
3,2847 px,516.5 px,4.557
3,2318.5 px,329 px,4.557
2,2022 px,705.5 px,4.557
1,2853.5 px,596.5 px,4.557
1,2414.5 px,561.5 px,4.557
1,2593.5 px,635.5 px,4.557
1,1940.5 px,492 px,4.557
1,1785.5 px,457 px,4.557
1,1936.5 px,674.5 px,4.557
1,1598.5 px,243 px,4.557
1,1551.5 px,760 px,4.557
1,1594.5 px,561.5 px,4.557
2,1530 px,570.5 px,4.557
2,2097 px,578 px,4.557
2,1115 px,874.5 px,4.557
2,3046 px,874.5 px,4.557
1,1796.5 px,832 px,4.557
1,3092.5 px,374.5 px,4.557
3,2556.5 px,642 px,4.557
3,1862.5 px,621 px,4.557
3,2302 px,481.5 px,4.557
1,2166 px,336.5 px,4.557
1,2760.5 px,486 px,4.557
1,1612.5 px,787 px,4.557
3,1456 px,301 px,4.557
3,2345.5 px,823 px,4.557
2,1921 px,429.5 px,4.557
2,1957 px,687 px,4.557
2,1542 px,991.5 px,4.557
1,2224.5 px,948.5 px,4.557
3,2984 px,758.5 px,4.557
3,1424.5 px,562 px,4.557
2,2694 px,338.5 px,4.557
2,1090 px,317.5 px,4.557
2,1471 px,481 px,4.557
2,2421 px,777.5 px,4.557
2,2836.5 px,614.5 px,4.557
1,1171.5 px,734.5 px,4.557
1,2466.5 px,277.5 px,4.557
3,1930.5 px,544.5 px,4.557
2,2411 px,494 px,4.557
3,2741 px,512 px,4.557
2,1557 px,889 px,4.557
2,2124 px,897 px,4.557
1,1765.5 px,538.5 px,4.557
1,1297.5 px,396.5 px,4.557
1,3119.5 px,693.5 px,4.557
3,2583.5 px,960.5 px,4.557
3,1024 px,764 px,4.557
2,2186 px,412.5 px,4.557
2,2782 px,933 px,4.557
1,2927.5 px,367.5 px,4.557
3,2664 px,504 px,4.557
3,2672 px,737.5 px,4.557
3,2209.5 px,605 px,4.557
3,1681 px,419 px,4.557
2,2010 px,264.5 px,4.557
2,1385 px,794.5 px,4.557
1,3098.5 px,472.5 px,4.557
1,2873.5 px,686 px,4.557
1,2216.5 px,686 px,4.557
1,1777.5 px,651 px,4.557
1,1956.5 px,725 px,4.557
1,1303.5 px,581 px,4.557
1,1147.5 px,546 px,4.557
1,1299.5 px,764 px,4.557
1,961.5 px,332.5 px,4.557
1,957.5 px,651 px,4.557
1,634.5 px,893.5 px,2.433
1,1202.5 px,194.5 px,4.557
1,899.5 px,205.5 px,4.557
2,1321 px,79.5 px,4.557
3,1048.5 px,31 px,4.557
1,966.5 px,359 px,4.557
3,1238 px,268.5 px,4.557
1,1452.5 px,-24.5 px,4.557
3,711 px,201.5 px,4.557
1,1412.5 px,-49.5 px,4.557
3,1170 px,57 px,4.557
2,804 px,73.5 px,4.557
2,1185 px,237.5 px,4.557
1,1479.5 px,294.5 px,4.557
1,1011.5 px,152.5 px,4.557
1,1151.5 px,-79 px,4.557
3,1395 px,175.5 px,4.557
1,1017.5 px,337.5 px,4.557
1,861.5 px,302 px,4.557
1,1009.5 px,-55.5 px,4.557
1,815 px,65 px,4.557
2,1236 px,-61 px,4.557
1,1242.5 px,182 px,4.557
1,774.5 px,40 px,4.557
1,1447.5 px,70 px,4.557
2,998 px,274.5 px,4.557
1,698.5 px,-49.5 px,4.557
3,1164.5 px,-58.5 px,4.557
2,1263 px,257.5 px,4.557
3,757.5 px,264 px,4.557
3,1515 px,-70 px,4.557
3,1356 px,-39 px,4.557
2,1087 px,110.5 px,4.557
1,111.5 px,1851 px,4.557
1,-129.5 px,1456.5 px,4.557
3,-226 px,1714 px,4.557
3,493 px,1154 px,4.557
3,318.5 px,1671 px,4.557
2,118 px,1255.5 px,4.557
2,-297 px,1559.5 px,4.557
1,384.5 px,1516.5 px,4.557
3,-415 px,1130.5 px,4.557
1,-159.5 px,1182.5 px,4.557
1,297.5 px,1573 px,4.557
2,242 px,1581.5 px,4.557
2,-173 px,1886 px,4.557
1,450.5 px,1231 px,4.557
1,-17 px,1089 px,4.557
1,462.5 px,1878 px,4.557
3,-291 px,1457 px,4.557
1,-46.5 px,1896 px,4.557
1,-514.5 px,1754 px,4.557
1,-145.5 px,1685.5 px,4.557
3,52 px,1600 px,4.557
3,-22.5 px,1395 px,4.557
2,374 px,1769.5 px,4.557
1,278.5 px,1938.5 px,4.557
3,-259 px,1289 px,4.557
2,206 px,1417 px,4.557
1,478.5 px,1406 px,4.557
1,136 px,1962 px,4.557
3,34.5 px,1714 px,4.557
1,-526.5 px,1940.5 px,4.557
1,381.5 px,1245 px,4.557
3,-34.5 px,1581.5 px,4.557
2,-458 px,1187.5 px,4.557
3,-144 px,1243.5 px,4.557
3,-319 px,1760.5 px,4.557
2,-520 px,1344.5 px,4.557
2,48 px,1352.5 px,4.557
1,-252.5 px,1606 px,4.557
1,-339.5 px,1662.5 px,4.557
1,419 px,1099.5 px,4.557
3,-496 px,1176.5 px,4.557
3,393 px,1698 px,4.557
2,-31 px,1304.5 px,4.557
2,-395.5 px,1671.5 px,4.557
2,172 px,1678.5 px,4.557
1,-186.5 px,1320.5 px,4.557
1,-174.5 px,1967.5 px,4.557
1,239.5 px,1522 px,4.557
1,-244.5 px,1147.5 px,4.557
1,41.5 px,1506 px,4.557
2,-263 px,1859 px,4.557
1,408.5 px,1563.5 px,4.557
1,18.5 px,1302 px,4.557
3,-7 px,1900.5 px,4.557
2,-431 px,1506.5 px,4.557
2,153 px,1921.5 px,4.557
1,-159.5 px,1495.5 px,4.557
1,186.5 px,1340 px,4.557
1,-27.5 px,1693.5 px,4.557
2,255 px,1329.5 px,4.557
2,-371 px,1232.5 px,4.557
1,311.5 px,1190 px,4.557
2,282 px,1648.5 px,4.557
3,164.5 px,1219 px,4.557
1,439.5 px,1219 px,4.557
1,54.5 px,1304.5 px,4.557
1,97.5 px,1106 px,4.557
2,-382 px,1419.5 px,4.557
1,299.5 px,1376.5 px,4.557
3,365.5 px,1165 px,4.557
1,115.5 px,1331.5 px,4.557
2,460 px,1231.5 px,4.557
2,45 px,1535.5 px,4.557
1,-325.5 px,1279 px,4.557
2,60 px,1433.5 px,4.557
1,268.5 px,1083 px,4.557
3,-473 px,1309 px,4.557
2,-112 px,1339 px,4.557
1,280.5 px,1195.5 px,4.557
1,459.5 px,1269.5 px,4.557
1,-193.5 px,1125.5 px,4.557
1,-349.5 px,1090.5 px,4.557
1,-197.5 px,1308.5 px,4.557
1,630 px,1470.5 px,2.433
1,763.5 px,1539.5 px,4.557
1,522.5 px,1145 px,4.557
3,490 px,1907.5 px,4.557
3,427 px,1402.5 px,4.557
3,971 px,1359.5 px,4.557
2,355 px,1247.5 px,4.557
1,1037.5 px,1205 px,4.557
3,949 px,1763 px,4.557
1,950.5 px,1261.5 px,4.557
2,894.5 px,1270.5 px,4.557
2,479.5 px,1574.5 px,4.557
1,1115.5 px,1566.5 px,4.557
2,583.5 px,1779.5 px,4.557
2,964 px,1942.5 px,4.557
1,605.5 px,1584.5 px,4.557
1,507.5 px,1374.5 px,4.557
3,704.5 px,1288.5 px,4.557
2,1027 px,1458.5 px,4.557
1,790.5 px,1858.5 px,4.557
1,930.5 px,1627 px,4.557
1,454.5 px,1794 px,4.557
1,788.5 px,1650.5 px,4.557
3,687 px,1402.5 px,4.557
1,594.5 px,1771 px,4.557
3,618 px,1270 px,4.557
2,1015 px,1644.5 px,4.557
3,333.5 px,1449 px,4.557
1,400 px,1294.5 px,4.557
1,1021.5 px,1887.5 px,4.557
1,553.5 px,1745.5 px,4.557
3,312 px,1852 px,4.557
1,312.5 px,1351 px,4.557
3,1046 px,1387.5 px,4.557
2,824.5 px,1367.5 px,4.557
1,477.5 px,1656 px,4.557
1,892.5 px,1210.5 px,4.557
3,943.5 px,1647 px,4.557
1,694.5 px,1195 px,4.557
2,389 px,1547.5 px,4.557
1,1060.5 px,1252 px,4.557
1,293.5 px,1716.5 px,4.557
3,645.5 px,1589 px,4.557
2,1042 px,1963.5 px,4.557
3,1135 px,1666.5 px,4.557
2,805 px,1609.5 px,4.557
2,866 px,1815.5 px,4.557
1,493.5 px,1184 px,4.557
1,625.5 px,1382 px,4.557
2,935 px,1337 px,4.557
2,698 px,1224.5 px,4.557
1,1282.5 px,1158.5 px,2.433
1,518.5 px,1721.5 px,4.557
3,1141 px,1419 px,4.557
3,966.5 px,1936 px,4.557
2,766 px,1520.5 px,4.557
2,351 px,1824.5 px,4.557
1,1032.5 px,1781.5 px,4.557
1,488.5 px,1447.5 px,4.557
1,945.5 px,1838 px,4.557
2,890 px,1846.5 px,4.557
1,1098.5 px,1496 px,4.557
1,631 px,1354 px,4.557
3,357 px,1722 px,4.557
1,502.5 px,1950.5 px,4.557
3,700 px,1865 px,4.557
3,625.5 px,1660 px,4.557
3,389 px,1554 px,4.557
2,854 px,1682 px,4.557
1,1126.5 px,1671 px,4.557
1,1029.5 px,1510 px,4.557
3,613.5 px,1846.5 px,4.557
3,504 px,1508.5 px,4.557
2,696 px,1617.5 px,4.557
1,395.5 px,1871 px,4.557
1,308.5 px,1927.5 px,4.557
1,1067 px,1364.5 px,4.557
3,1041 px,1963 px,4.557
2,617 px,1569.5 px,4.557
2,820 px,1943.5 px,4.557
1,461.5 px,1585.5 px,4.557
1,887.5 px,1787 px,4.557
1,403.5 px,1412.5 px,4.557
1,689.5 px,1771 px,4.557
1,1056.5 px,1828.5 px,4.557
1,666.5 px,1567 px,4.557
1,488.5 px,1760.5 px,4.557
1,834.5 px,1605 px,4.557
1,620.5 px,1958.5 px,4.557
2,903 px,1594.5 px,4.557
1,959.5 px,1455 px,4.557
2,930 px,1913.5 px,4.557
3,812.5 px,1484 px,4.557
1,1087.5 px,1484 px,4.557
1,702.5 px,1569.5 px,4.557
1,745.5 px,1371 px,4.557
1,947.5 px,1641.5 px,4.557
3,1013.5 px,1430 px,4.557
1,763.5 px,1596.5 px,4.557
2,1108 px,1496.5 px,4.557
2,693 px,1800.5 px,4.557
1,322.5 px,1544 px,4.557
2,708 px,1698.5 px,4.557
1,916.5 px,1348 px,4.557
2,536 px,1604 px,4.557
1,928.5 px,1460.5 px,4.557
1,1107.5 px,1534.5 px,4.557
1,454.5 px,1390.5 px,4.557
1,298.5 px,1355.5 px,4.557
1,450.5 px,1573.5 px,4.557
1,1369.5 px,1852.5 px,4.557
1,1128.5 px,1458 px,4.557
2,1437.5 px,1099.5 px,4.557
3,1033 px,1715.5 px,4.557
3,1752 px,1155.5 px,4.557
3,1577 px,1672.5 px,4.557
2,1376 px,1256.5 px,4.557
2,961 px,1560.5 px,4.557
1,1643.5 px,1518 px,4.557
3,843 px,1132 px,4.557
1,1797.5 px,1969 px,4.557
1,1099.5 px,1184 px,4.557
1,1556.5 px,1574.5 px,4.557
3,1400 px,1088.5 px,4.557
2,1500.5 px,1583.5 px,4.557
2,1085.5 px,1887.5 px,4.557
1,1709.5 px,1232.5 px,4.557
1,1241.5 px,1090.5 px,4.557
1,1721.5 px,1879.5 px,4.557
3,967.5 px,1458 px,4.557
1,1211.5 px,1897.5 px,4.557
1,1651.5 px,1059.5 px,4.557
1,1113.5 px,1687.5 px,4.557
3,1310.5 px,1601.5 px,4.557
3,1236 px,1396.5 px,4.557
2,1633 px,1771.5 px,4.557
1,1536.5 px,1940 px,4.557
3,999.5 px,1290.5 px,4.557
2,1465 px,1418.5 px,4.557
1,1736.5 px,1407.5 px,4.557
1,1394.5 px,1963.5 px,4.557
3,1293 px,1715.5 px,4.557
1,1639.5 px,1246 px,4.557
3,1224 px,1583 px,4.557
2,800 px,1189.5 px,4.557
3,1114.5 px,1245 px,4.557
3,939.5 px,1762 px,4.557
2,1306 px,1353.5 px,4.557
1,1006 px,1607.5 px,4.557
3,1765.5 px,1417 px,4.557
3,1458 px,1108.5 px,4.557
1,918.5 px,1664 px,4.557
1,1677.5 px,1101 px,4.557
3,1652 px,1700.5 px,4.557
2,1228 px,1305.5 px,4.557
2,863 px,1672.5 px,4.557
2,1430.5 px,1680.5 px,4.557
1,1071.5 px,1322 px,4.557
1,1083.5 px,1969 px,4.557
1,1498.5 px,1523.5 px,4.557
1,1840.5 px,1243.5 px,4.557
1,1013.5 px,1149 px,4.557
1,1300.5 px,1508 px,4.557
2,995 px,1860.5 px,4.557
1,1666.5 px,1565 px,4.557
1,1277.5 px,1303.5 px,4.557
3,1251.5 px,1902 px,4.557
2,827 px,1508.5 px,4.557
3,1815 px,1602.5 px,4.557
1,1099.5 px,1497 px,4.557
1,1445.5 px,1341.5 px,4.557
1,1231.5 px,1695 px,4.557
2,1514 px,1331.5 px,4.557
2,888 px,1234 px,4.557
1,1570.5 px,1191.5 px,4.557
2,1541 px,1650 px,4.557
3,1423 px,1221.5 px,4.557
2,1784 px,1251 px,4.557
1,1702.5 px,1038 px,4.557
1,1698.5 px,1220.5 px,4.557
1,1313.5 px,1306 px,4.557
1,1356.5 px,1107.5 px,4.557
2,1291 px,1116.5 px,4.557
2,876 px,1420.5 px,4.557
1,1558.5 px,1378 px,4.557
3,1624 px,1167 px,4.557
1,1374.5 px,1333 px,4.557
2,1719 px,1233 px,4.557
2,1304 px,1537.5 px,4.557
3,1186 px,1108.5 px,4.557
1,932.5 px,1280.5 px,4.557
3,1692 px,1090.5 px,4.557
2,1318 px,1435.5 px,4.557
1,1527.5 px,1084.5 px,4.557
3,785.5 px,1310 px,4.557
2,1146.5 px,1340.5 px,4.557
1,1538.5 px,1197 px,4.557
1,1717.5 px,1271 px,4.557
1,1064.5 px,1127 px,4.557
1,909.5 px,1092 px,4.557
1,1060.5 px,1310 px,4.557
1,1888.5 px,1471.5 px,2.433
3,1747 px,1732 px,4.557
2,1372 px,1833.5 px,4.557
3,839 px,1708.5 px,4.557
1,1094.5 px,1760.5 px,4.557
1,1704.5 px,1809 px,4.557
1,1237 px,1667 px,4.557
3,995 px,1867 px,4.557
1,1635.5 px,1823 px,4.557
2,796 px,1765.5 px,4.557
3,1110 px,1821.5 px,4.557
1,1673 px,1677.5 px,4.557
2,1223 px,1882.5 px,4.557
1,1067.5 px,1898.5 px,4.557
1,1009.5 px,1725.5 px,4.557
1,1272.5 px,1880 px,4.557
1,1440.5 px,1918 px,4.557
2,1509 px,1907.5 px,4.557
2,883 px,1810.5 px,4.557
1,1565.5 px,1768 px,4.557
3,1418.5 px,1797 px,4.557
1,1693.5 px,1797 px,4.557
1,1308.5 px,1882.5 px,4.557
1,1351.5 px,1684 px,4.557
1,1553.5 px,1954.5 px,4.557
3,1619.5 px,1743 px,4.557
1,1369.5 px,1909.5 px,4.557
2,1714 px,1809.5 px,4.557
1,928.5 px,1857 px,4.557
1,1522.5 px,1661 px,4.557
3,781 px,1887 px,4.557
2,1142 px,1917 px,4.557
1,1534.5 px,1773.5 px,4.557
1,1713.5 px,1847.5 px,4.557
1,1060.5 px,1703.5 px,4.557
1,904.5 px,1668.5 px,4.557
1,1056.5 px,1886.5 px,4.557
1,1776.5 px,1723 px,4.557
2,1609 px,1825.5 px,4.557
1,1761.5 px,1952.5 px,4.557
1,1654 px,1872.5 px,4.557
1,1566.5 px,1929 px,4.557
1,1747.5 px,1762 px,4.557
1,1708.5 px,1968.5 px,4.557
1,1552.5 px,1933.5 px,4.557
3,1440.5 px,1813.5 px,-3.599
2,1789 px,1328.5 px,-3.599
1,1842 px,1946.5 px,-3.599
1,1130.5 px,1407.5 px,-3.599
3,2164 px,1670.5 px,-3.599
3,1931.5 px,1378 px,-3.599
3,1073.5 px,2156.5 px,-3.599
2,1462.5 px,1399 px,-3.599
2,1273 px,1655 px,-3.599
1,1530 px,2103.5 px,-3.599
1,1107 px,1899 px,-3.599
3,1774.5 px,1611.5 px,-3.599
3,1880.5 px,1868.5 px,-3.599
1,1570.5 px,1462.5 px,-3.599
2,1317.5 px,1849 px,-3.599
2,1632 px,1705 px,-3.599
2,2020.5 px,1484 px,-3.599
3,1113.5 px,1543.5 px,-3.599
2,1442.5 px,1960 px,-3.599
1,1209 px,1938.5 px,-3.599
1,2025 px,1648.5 px,-3.599
3,1530.5 px,1662.5 px,-3.599
2,1861.5 px,1640 px,-3.599
1,1203 px,1719.5 px,-3.599
3,2236 px,1982 px,-3.599
1,1678.5 px,1962.5 px,-3.599
1,1655.5 px,1731.5 px,-3.599
1,2149.5 px,1275.5 px,-3.599
3,1153 px,1744.5 px,-3.599
3,999.5 px,1798.5 px,-3.599
3,2090.5 px,1300.5 px,-3.599
2,2066.5 px,1903 px,-3.599
1,2190 px,1861.5 px,-3.599
1,1422.5 px,1547.5 px,-3.599
1,1862.5 px,2041.5 px,-3.599
2,1171 px,1507.5 px,-3.599
2,1919.5 px,1440 px,-3.599
1,1224 px,2125 px,-3.599
1,2040 px,1835.5 px,-3.599
3,1545.5 px,1849.5 px,-3.599
3,1313.5 px,1556.5 px,-3.599
3,1156.5 px,1790.5 px,-3.599
3,1262 px,2047.5 px,-3.599
2,1610.5 px,1562 px,-3.599
3,1985.5 px,1904 px,-3.599
3,1779.5 px,1898.5 px,-3.599
2,1402 px,1663 px,-3.599
1,989 px,1389 px,-3.599
3,1828.5 px,1498.5 px,-3.599
2,1286.5 px,1432 px,-3.599
1,1407 px,1827.5 px,-3.599
2,1243 px,1819 px,-3.599
2,1991.5 px,1751.5 px,-3.599
1,1060 px,2141.5 px,-3.599
1,1037.5 px,1910.5 px,-3.599
1,1531 px,1454.5 px,-3.599
1,2131.5 px,1488.5 px,-3.599
3,1472 px,1479.5 px,-3.599
2,1918.5 px,1793.5 px,-3.599
2,1448.5 px,2082 px,-3.599
1,1500 px,1320.5 px,-3.599
1,1397 px,1342.5 px,-3.599
1,1837 px,1315.5 px,-3.599
1,1711.5 px,1427.5 px,-3.599
1,1825.5 px,1729 px,-3.599
1,1572 px,2040.5 px,-3.599
1,1676.5 px,1813.5 px,-3.599
3,1258.5 px,2126.5 px,-3.599
2,2172 px,1979.5 px,-3.599
1,1551 px,2042.5 px,-3.599
3,1932 px,2003.5 px,-3.599
1,1208.5 px,2026.5 px,-3.599
1,1783.5 px,2038.5 px,-3.599
3,1074.5 px,2097.5 px,-3.599
1,2072.5 px,1937.5 px,-3.599
2,1618.5 px,1983 px,-3.599
2,1787 px,1349 px,-3.599
2,2048.5 px,1405 px,-3.599
2,1169 px,1528 px,-3.599
2,1798 px,1327 px,-3.599
2,1819 px,1363.5 px,-3.599
2,1368 px,1421 px,-3.599
1,2038 px,1288.5 px,-3.599
3,1060.5 px,2147.5 px,-3.599
1,1130 px,1622 px,-5.723
3,1031.5 px,1901.5 px,-3.599
1,1053 px,2159.5 px,-3.599
1,1025.5 px,1948.5 px,-3.599
2,1279.5 px,1544 px,-3.599
3,1598 px,1554.5 px,-3.599
3,1498.5 px,2090.5 px,-3.599
2,1241 px,1707.5 px,-3.599
1,1543.5 px,1935.5 px,-3.599
1,1465.5 px,2003.5 px,-3.599
3,1240.5 px,1537.5 px,-3.599
2,1410.5 px,2013 px,-3.599
1,1568.5 px,1641.5 px,-3.599
1,1085 px,1568.5 px,-3.599
1,1486.5 px,1480.5 px,-3.599
3,1224.5 px,2058.5 px,-3.599
3,1121.5 px,1865.5 px,-3.599
2,1351.5 px,1855 px,-3.599
1,1620 px,1812.5 px,-3.599
1,1501 px,1665 px,-3.599
3,1136.5 px,2052.5 px,-3.599
2,1185.5 px,1814 px,-3.599
3,1649 px,1811.5 px,-3.599
3,1301 px,1549.5 px,-3.599
1,1518 px,1517 px,-3.599
2,1101 px,1777 px,-3.599
2,1355 px,2119 px,-3.599
1,1401 px,1960.5 px,-3.599
1,1699.5 px,1635.5 px,-3.599
1,1202.5 px,1973.5 px,-3.599
1,1573.5 px,1978.5 px,-3.599
1,1150.5 px,1774.5 px,-3.599
3,1724 px,1987.5 px,-3.599
1,1322 px,1788 px,-3.599
1,1161 px,2168.5 px,-3.599
2,1387.5 px,1762 px,-3.599
1,1424.5 px,1622 px,-3.599
2,1460 px,2073.5 px,-3.599
3,1282 px,1665.5 px,-3.599
2,1644 px,1644 px,-3.599
1,1533.5 px,1451.5 px,-3.599
1,1555.5 px,1632.5 px,-3.599
1,1187 px,1772 px,-3.599
1,1201 px,1569.5 px,-3.599
2,1137 px,1581 px,-3.599
1,1439.5 px,1808.5 px,-3.599
3,1473.5 px,1583.5 px,-3.599
1,1251 px,1790.5 px,-3.599
2,1577 px,1635.5 px,-3.599
2,1209.5 px,1996 px,-3.599
3,1031.5 px,1587.5 px,-3.599
3,1530 px,1498.5 px,-3.599
2,1209.5 px,1892.5 px,-3.599
1,1367 px,1522.5 px,-3.599
2,1025.5 px,1823 px,-3.599
1,1394.5 px,1632.5 px,-3.599
1,1582 px,1679.5 px,-3.599
1,1775 px,1845.5 px,-5.723
1,1162.5 px,2140.5 px,-3.599
1,1595.5 px,2088.5 px,-3.599
1,1278.5 px,2140.5 px,-3.599
1,1444.5 px,2093.5 px,-3.599
1,1704.5 px,2118.5 px,-3.599
1,1121.5 px,1068.5 px,4.557
1,1024.5 px,1030.5 px,4.557
1,759.5 px,1121.5 px,4.557
2,1308 px,205 px,-0.385
